d100,Beginning,Middle,End,d100,Beginning,Middle,End,d100,Beginning,Middle,End,d100,Beginning,Middle,End
1,A,bb,a,26,Er,gg,ath,51,Me,ln,id,76,She,rp,org
2,Ada,bl,ab,27,Ere,gl,ave,52,Mi,lord,if,77,Sho,rr,ort
3,Aki,bold,ac,28,Eri,gord,ea,53,Mo,ls,ik,78,So,rush,os
4,Al,br,ace,29,Ero,gr,eb,54,Na,matt,il,79,Sta,salk,osh
5,Ali,bran,ach,30,Fa,gs,ec,55,Ne,mend,im,80,Ste,sass,ot
6,Alo,can,ad,31,Fe,h,ech,56,No,mm,in,81,Sti,sc,oth
7,Ana,carr,adle,32,Fi,hall,ed,57,O,ms,ion,82,Stu,sh,ottle
8,Ani,ch,af,33,Fo,hark,ef,58,Ol,nd,ir,83,Ta,sp,ove
9,Ba,cinn,ag,34,Fra,hill,eh,59,Or,nett,is,84,Tha,ss,ow
10,Be,ck,ah,35,Gla,hork,ek,60,Pa,ng,ish,85,The,st,ox
11,Bo,ckl,ai,36,Gro,jenn,el,61,Pe,nk,it,86,Tho,tall,ud
12,Bra,ckr,ak,37,Ha,kell,elle,62,Pi,nn,ith,87,Ti,tend,ule
13,Bro,cks,aker,38,He,kill,elton,63,Po,nodd,ive,88,To,told,umber
14,Cha,dd,al,39,Hi,kk,em,64,Pra,ns,ob,89,Tra,v,un
15,Chi,dell,ale,40,Illia,kl,en,65,Qua,nt,och,90,Tri,vall,under
16,Da,dr,am,41,Ira,klip,end,66,Qui,part,od,91,Tru,w,undle
17,De,ds,an,42,Ja,kr,ent,67,Quo,pelt,odin,92,Ul,wall,unt
18,Do,fadd,and,43,Jo,krack,enton,68,Ra,pl,oe,93,Ur,wild,ur
19,Dra,fall,ane,44,Ka,ladd,ep,69,Re,pp,of,94,Va,will,us
20,Dro,farr,ar,45,Ki,land,er,70,Ro,ppr,oh,95,Vo,x,ust
21,Eki,ff,ard,46,Kra,lark,esh,71,Sa,pps,ol,96,Wra,y,ut
22,Eko,fill,ark,47,La,ld,ess,72,Sca,rand,olen,97,Xa,yang,
23,Ele,fl,art,48,Le,ldr,ett,73,Sco,rd,omir,98,Xi,yell,
24,Eli,fr,ash,49,Lo,lind,ic,74,Se,resh,or,99,Zha,z,
25,Elo,genn,at,50,Ma,ll,ich,75,Sha,rn,orb,100,Zho,zenn,